url,keywords,claim
https://germanbionic.com/,Exia Cray X AI exoskeleton,German Bionic flagship product Exia AI exoskeleton
https://www.suitx.com/,IX BACK VOLTON shoulder back exoskeleton,SuitX industrial exoskeleton IX product line
https://www.cyberdyne.jp/english/products/,HAL lumbar labor support medical,CYBERDYNE HAL product line
https://eksobionics.com/,Ekso Industrial GT medical rehabilitation,Ekso Bionics exoskeleton product line
https://corporate.walmart.com/about/location-facts,Walmart associates employees stores worldwide FY2026,Walmart global employee count and store count
https://www.dhl.com/global-en/home/about-us.html,DHL Group employees countries revenue 2025,DHL Group workforce and revenue stats
https://techcrunch.com/tag/exoskeleton/,exoskeleton German Bionic Skip Arc'teryx CES Samsung,TechCrunch exoskeleton news coverage
https://techcrunch.com/2024/07/26/alphabet-x-spinoff-skip-partners-with-arcteryx-to-bring-everyday-exoskeleton-to-market/,Skip MO/GO Arc'teryx powered pants soft exoskeleton,Skip Alphabet X spinoff MO/GO partnership with Arc'teryx
https://techcrunch.com/2025/01/07/german-bionics-new-exoskeleton-supports-80-pound-lifts-revealed-at-ces-2025/,German Bionic Exia 80 pounds CES 2025,German Bionic Exia CES 2025 launch
https://www.cyberdyne.jp/en/news/,Cyberdyne PERKESO Pegasus 2026 strategic alliance,Cyberdyne recent news 2026
https://www.marketsandmarkets.com/Market-Reports/exoskeleton-market-40697797.html,exoskeleton market size CAGR 29.4% 2030 forecast,MarketsandMarkets exoskeleton market 2025-2030
https://www.reddit.com/r/exoskeletons/,exoskeleton community Skip Mo/Go CES 2026 Wired,Reddit r/exoskeletons community discussion
https://arxiv.org/search/?query=industrial+exoskeleton,industrial exoskeleton research papers RL squat,arXiv industrial exoskeleton research
https://spectrum.ieee.org/tag/exoskeleton,exoskeleton industrial wearable technology,TechCrunch IEEE Spectrum exoskeleton articles
https://www.aboutamazon.com/workplace/workforce,Amazon operations employees warehouse,Amazon workforce statistics
https://www.tescoplc.com/about/our-people/,Tesco UK employees workforce stores,Tesco UK workforce statistics
